2025-04-02_14-23-59,000%,draft.go:2025-04-02_14-23-59
2025-04-02_17-58-15,000%,draft.go:2025-04-02_17-58-15
2025-04-02_18-05-50,000%,draft.go:2025-04-02_18-05-50
2025-04-02_18-07-55,000%,draft.go:2025-04-02_18-07-55
2025-04-02_18-09-21,000%,draft.go:2025-04-02_18-09-21
2025-04-02_18-09-30,000%,draft.go:2025-04-02_18-09-30
2025-04-02_18-09-54,000%,draft.go:2025-04-02_18-09-54
2025-04-02_18-11-00,000%,draft.go:2025-04-02_18-11-00
2025-04-02_18-12-09,000%,draft.go:2025-04-02_18-12-09
2025-04-02_18-12-29,000%,draft.go:2025-04-02_18-12-29
2025-04-02_18-12-38,000%,draft.go:2025-04-02_18-12-29
2025-04-02_21-34-22,000%,draft.go:2025-04-02_18-12-29
2025-04-02_21-34-40,100%,draft.go:2025-04-02_21-34-40
2025-04-05_20-21-07,100%,draft.go:2025-04-02_21-34-40
